<?xml version="1.0"?>
<info>
	<id>atnotes</id>
	<name>ATNotes</name>
	<description>ATNotes for Always Take Notes. Create/Edit/Delete notes in the application. You can export notes to save them in your ownCloud filesystem and you can access them through the WebDAV protocol.</description>
	<version>1.6</version>
	<licence>AGPL</licence>
	<author>Xavier Beurois (www.djazz-lab.net)</author>
	<change>Masoud Khorram (info@aramunity.com) </change>
	<require>4</require>
	<shipped>true</shipped>
</info>
