<?xml version="1.0" encoding="ISO-8859-1" ?>
<database>
	<name>*dbname*</name>
	<create>true</create>
	<overwrite>false</overwrite>
	<charset>utf8</charset>
	<table>
		<name>*dbprefix*files_counter</name>
		<declaration>
			<field>
				<name>id</name>
				<type>integer</type>
				<default>0</default>
				<notnull>true</notnull>
				<autoincrement>1</autoincrement>
				<length>11</length>
			</field>
			<field>
				<name>fileid</name>
				<type>text</type>
				<notnull>true</notnull>
				<length>11</length>
			</field>
			<field>
				<name>counter</name>
				<type>integer</type>
				<notnull>true</notnull>
				<length>11</length>
			</field>
		</declaration>
	<name>*dbprefix*files_counter_ip</name>
		<declaration>
			<field>
				<name>id</name>
				<type>integer</type>
				<default>0</default>
				<notnull>true</notnull>
				<autoincrement>1</autoincrement>
				<length>11</length>
			</field>
			<field>
				<name>fileid</name>
				<type>text</type>
				<notnull>true</notnull>
				<length>11</length>
			</field>
			<field>
				<name>ipaddress</name>
				<type>text</type>
				<notnull>true</notnull>
				<length>15</length>
			</field>
			<field>
				<name>timestamp</name>
				<type>text</type>
				<notnull>true</notnull>
				<length>25</length>
			</field>
			<field>
				<name>user</name>
				<type>text</type>
				<notnull>true</notnull>
				<length>256</length>
			</field>
		</declaration>
	</table>
</database>
