<?xml version="1.0" encoding="UTF-8" ?>
<database>
    <name>*dbname*</name>
    <create>true</create>
    <overwrite>false</overwrite>
    <charset>utf8</charset>
    <table>
        <name>*dbprefix*uc_storageusage</name>
        <declaration>
            <field>
                <name>id</name>
                <type>integer</type>
                <default>0</default>
                <notnull>true</notnull>
                <autoincrement>1</autoincrement>
                <unsigned>true</unsigned>
                <length>8</length>
            </field>
            <field>
                <name>created</name>
                <type>datetime</type>
                <notnull>true</notnull>
            </field>
            <field>
                <name>username</name>
                <type>text</type>
                <notnull>true</notnull>
                <length>255</length>
            </field>
            <field>
                <name>usage</name>
                <type>integer</type>
                <notnull>true</notnull>
                <length>255</length>
            </field>
        </declaration>
    </table>
    <table>
        <name>*dbprefix*uc_chartconfig</name>
        <declaration>
            <field>
                <name>id</name>
                <type>integer</type>
                <default>0</default>
                <notnull>true</notnull>
                <autoincrement>1</autoincrement>
                <unsigned>true</unsigned>
                <length>8</length>
            </field>
            <field>
                <name>created</name>
                <type>timestamp</type>
                <notnull>true</notnull>
            </field>
            <field>
                <name>username</name>
                <type>text</type>
                <notnull>true</notnull>
                <length>255</length>
            </field>
            <field>
                <name>charttype</name>
                <type>text</type>
                <notnull>true</notnull>
                <length>255</length>
            </field>
            <field>
                <name>chartprovider</name>
                <type>text</type>
                <notnull>true</notnull>
                <length>255</length>
                <default>c3js</default>
            </field>
            <field>
                <name>metadata</name>
                <type>text</type>
                <notnull>false</notnull>
            </field>
        </declaration>
    </table>
</database>