<?xml version="1.0"?>
<info>
    <id>ocusagecharts</id>
    <name>Charts</name>
    <description>This app will show how much disk space is used per user over the course of time.
        The following graphs are available:
        A pie chart showing space used / free space;
        A graph with data used over the course of the last month;
        A Bar chart with average data used in the last months;
        An Activity chart over the last month;
        An Activity chart with activities over the last months;
    </description>
    <version>3.2</version>
    <licence>MIT</licence>
    <author>Arno van Rossum, github:arnovr</author>
    <requiremin>7</requiremin>
</info>
