<?xml version="1.0" encoding="ISO-8859-1" ?>
<database>
  <name>*dbname*</name>
  <create>true</create>
  <overwrite>true</overwrite>
  <charset>utf8</charset>
  <table>
    <name>*dbprefix*ocDashboard_usedHashs</name>
    <declaration>
      <field>
	<name>id</name>
	<type>integer</type>
	<default>0</default>
	<notnull>true</notnull>
	<autoincrement>1</autoincrement>
	<length>4</length>
      </field>
      <field>
	<name>usedHash</name>
	<type>text</type>
	<notnull>true</notnull>
	<length>64</length>
      </field>
      <field>
	<name>widget</name>
	<type>text</type>
	<notnull>true</notnull>
	<length>100</length>
      </field>
      <field>
	<name>user</name>
	<type>text</type>
	<notnull>true</notnull>
	<length>100</length>
      </field>
      <field>
	<name>timestamp</name>
	<type>text</type>
	<notnull>true</notnull>
	<length>100</length>
      </field>
    </declaration>
  </table>
</database>
