<?xml version="1.0" encoding="UTF-8" ?>
<database>
 <name>*dbname*</name>
 <create>true</create>
 <overwrite>false</overwrite>
 <charset>utf8</charset>
 <table>
  <name>*dbprefix*popup</name>
  <declaration>
    <field>
      <name>gid</name>
      <type>text</type>
      <default></default>
      <notnull>true</notnull>
      <length>64</length>
    </field>
	<field>
      <name>title</name>
      <type>text</type>
      <notnull>true</notnull>
      <length>100</length>
    </field>
    <field>
      <name>message</name>
      <type>text</type>
      <notnull>true</notnull>
      <length>1000</length>
    </field>
	<field>
      <name>closeBtn</name>
      <type>text</type>
      <notnull>true</notnull>
      <length>10</length>
    </field>
	<field>
      <name>type</name>
      <type>text</type>
      <notnull>true</notnull>
      <length>100</length>
    </field>
	<field>
      <name>position</name>
      <type>text</type>
      <notnull>true</notnull>
      <length>100</length>
    </field>
	<field>
      <name>timeout</name>
      <type>text</type>
      <notnull>true</notnull>
      <length>100</length>
    </field>
  </declaration>
</table>
</database>
